normalized_bandwidth,normalized_variance,normalized_squared_bias,normalized_total_loss
0.350000,2.285714,0.003001,2.288716
0.360000,2.222222,0.003359,2.225581
0.370000,2.162162,0.003748,2.165910
0.380000,2.105263,0.004170,2.109433
0.390000,2.051282,0.004627,2.055909
0.400000,2.000000,0.005120,2.005120
0.410000,1.951220,0.005652,1.956871
0.420000,1.904762,0.006223,1.910985
0.430000,1.860465,0.006838,1.867303
0.440000,1.818182,0.007496,1.825678
0.450000,1.777778,0.008201,1.785979
0.460000,1.739130,0.008955,1.748085
0.470000,1.702128,0.009759,1.711887
0.480000,1.666667,0.010617,1.677283
0.490000,1.632653,0.011530,1.644183
0.500000,1.600000,0.012500,1.612500
0.510000,1.568627,0.013530,1.582158
0.520000,1.538462,0.014623,1.553085
0.530000,1.509434,0.015781,1.525215
0.540000,1.481481,0.017006,1.498488
0.550000,1.454545,0.018301,1.472847
0.560000,1.428571,0.019669,1.448240
0.570000,1.403509,0.021112,1.424621
0.580000,1.379310,0.022633,1.401943
0.590000,1.355932,0.024235,1.380167
0.600000,1.333333,0.025920,1.359253
0.610000,1.311475,0.027692,1.339167
0.620000,1.290323,0.029553,1.319875
0.630000,1.269841,0.031506,1.301347
0.640000,1.250000,0.033554,1.283554
0.650000,1.230769,0.035701,1.266470
0.660000,1.212121,0.037949,1.250071
0.670000,1.194030,0.040302,1.234332
0.680000,1.176471,0.042763,1.219233
0.690000,1.159420,0.045334,1.204755
0.700000,1.142857,0.048020,1.190877
0.710000,1.126761,0.050823,1.177584
0.720000,1.111111,0.053748,1.164859
0.730000,1.095890,0.056796,1.152687
0.740000,1.081081,0.059973,1.141054
0.750000,1.066667,0.063281,1.129948
0.760000,1.052632,0.066724,1.119356
0.770000,1.038961,0.070306,1.109267
0.780000,1.025641,0.074030,1.099671
0.790000,1.012658,0.077900,1.090558
0.800000,1.000000,0.081920,1.081920
0.810000,0.987654,0.086093,1.073748
0.820000,0.975610,0.090424,1.066034
0.830000,0.963855,0.094917,1.058772
0.840000,0.952381,0.099574,1.051955
0.850000,0.941176,0.104401,1.045578
0.860000,0.930233,0.109402,1.039634
0.870000,0.919540,0.114580,1.034120
0.880000,0.909091,0.119939,1.029030
0.890000,0.898876,0.125484,1.024361
0.900000,0.888889,0.131220,1.020109
0.910000,0.879121,0.137150,1.016271
0.920000,0.869565,0.143279,1.012844
0.930000,0.860215,0.149610,1.009825
0.940000,0.851064,0.156150,1.007214
0.950000,0.842105,0.162901,1.005007
0.960000,0.833333,0.169869,1.003203
0.970000,0.824742,0.177059,1.001801
0.980000,0.816327,0.184474,1.000800
0.990000,0.808081,0.192119,1.000200
1.000000,0.800000,0.200000,1.000000
1.010000,0.792079,0.208121,1.000200
1.020000,0.784314,0.216486,1.000800
1.030000,0.776699,0.225102,1.001801
1.040000,0.769231,0.233972,1.003202
1.050000,0.761905,0.243101,1.005006
1.060000,0.754717,0.252495,1.007212
1.070000,0.747664,0.262159,1.009823
1.080000,0.740741,0.272098,1.012839
1.090000,0.733945,0.282316,1.016261
1.100000,0.727273,0.292820,1.020093
1.110000,0.720721,0.303614,1.024335
1.120000,0.714286,0.314704,1.028990
1.130000,0.707965,0.326095,1.034059
1.140000,0.701754,0.337792,1.039546
1.150000,0.695652,0.349801,1.045453
1.160000,0.689655,0.362128,1.051783
1.170000,0.683761,0.374777,1.058538
1.180000,0.677966,0.387756,1.065722
1.190000,0.672269,0.401068,1.073337
1.200000,0.666667,0.414720,1.081387
1.210000,0.661157,0.428718,1.089875
1.220000,0.655738,0.443067,1.098805
1.230000,0.650407,0.457773,1.108180
1.240000,0.645161,0.472843,1.118004
1.250000,0.640000,0.488281,1.128281
1.260000,0.634921,0.504095,1.139015
1.270000,0.629921,0.520289,1.150211
1.280000,0.625000,0.536871,1.161871
1.290000,0.620155,0.553846,1.174001
1.300000,0.615385,0.571220,1.186605
1.310000,0.610687,0.589000,1.199687
1.320000,0.606061,0.607192,1.213252
1.330000,0.601504,0.625801,1.227305
1.340000,0.597015,0.644836,1.241851
1.350000,0.592593,0.664301,1.256894
1.360000,0.588235,0.684204,1.272439
1.370000,0.583942,0.704551,1.288492
1.380000,0.579710,0.725348,1.305058
1.390000,0.575540,0.746602,1.322142
1.400000,0.571429,0.768320,1.339749
1.410000,0.567376,0.790508,1.357884
1.420000,0.563380,0.813174,1.376554
1.430000,0.559441,0.836323,1.395764
1.440000,0.555556,0.859963,1.415519
1.450000,0.551724,0.884101,1.435825
1.460000,0.547945,0.908744,1.456689
1.470000,0.544218,0.933898,1.478115
1.480000,0.540541,0.959570,1.500111
1.490000,0.536913,0.985769,1.522682
1.500000,0.533333,1.012500,1.545833
1.510000,0.529801,1.039771,1.569573
1.520000,0.526316,1.067590,1.593905
1.530000,0.522876,1.095963,1.618838
1.540000,0.519481,1.124897,1.644378
1.550000,0.516129,1.154401,1.670530
1.560000,0.512821,1.184482,1.697302
1.570000,0.509554,1.215146,1.724701
1.580000,0.506329,1.246403,1.752732
1.590000,0.503145,1.278258,1.781403
1.600000,0.500000,1.310720,1.810720
1.610000,0.496894,1.343796,1.840691
1.620000,0.493827,1.377495,1.871322
1.630000,0.490798,1.411824,1.902621
1.640000,0.487805,1.446790,1.934595
1.650000,0.484848,1.482401,1.967250
1.660000,0.481928,1.518666,2.000594
1.670000,0.479042,1.555593,2.034635
1.680000,0.476190,1.593188,2.069379
1.690000,0.473373,1.631461,2.104834
1.700000,0.470588,1.670420,2.141008
1.710000,0.467836,1.710072,2.177908
1.720000,0.465116,1.750426,2.215542
1.730000,0.462428,1.791490,2.253918
1.740000,0.459770,1.833272,2.293042
1.750000,0.457143,1.875781,2.332924
1.760000,0.454545,1.919025,2.373571
1.770000,0.451977,1.963012,2.414990
1.780000,0.449438,2.007752,2.457190
1.790000,0.446927,2.053251,2.500179
1.800000,0.444444,2.099520,2.543964
1.810000,0.441989,2.146566,2.588555
1.820000,0.439560,2.194399,2.633959
1.830000,0.437158,2.243026,2.680185
1.840000,0.434783,2.292457,2.727240
1.850000,0.432432,2.342701,2.775134
1.860000,0.430108,2.393766,2.823874
1.870000,0.427807,2.445662,2.873469
1.880000,0.425532,2.498397,2.923929
1.890000,0.423280,2.551980,2.975260
1.900000,0.421053,2.606420,3.027473
1.910000,0.418848,2.661727,3.080575
1.920000,0.416667,2.717909,3.134576
1.930000,0.414508,2.774976,3.189484
1.940000,0.412371,2.832937,3.245308
1.950000,0.410256,2.891801,3.302058
1.960000,0.408163,2.951578,3.359741
1.970000,0.406091,3.012277,3.418368
1.980000,0.404040,3.073907,3.477948
1.990000,0.402010,3.136478,3.538488
2.000000,0.400000,3.200000,3.600000
